1,E-learning
1,Data Certification
1,Data Engineering
1,Platform
1,HuggingFace
1,Digital Education
1,Programming
1,"Education, Software"
1,Data Fluency
1,Machine Learning
1,EdTech
1,R
1,Educational Software
1,Excel
1,ChatGPT
1,Education
1,Technology
1,Technology And Computing
1,Data Literacy
1,Oracle
1,Large Language Models
1,Python
1,Google Sheets
1,Generative AI
1,Power BI
1,Artificial Intelligence
1,LangChain
1,AI
1,Big Data
1,Educational and Training Services (B2C)
1,E-Learning Providers
1,Analytics
1,Deep Learning
1,Tech Learning
1,Data & Analytics
1,Senior
1,Data Storytelling
1,Data Visualization
1,OpenAI
1,Data Analytics
1,Fitness and Wellness
2,Art And Entertainment
2,HR and Recruiting
2,Recruiting
2,Career / Job Search
2,Human Resources
2,Analytics
2,Professional Services
2,Data & Analytics
2,Administrative Services
2,Senior
2,Software
2,Human Resources Hr
2,Staffing Agency
3,Impact
3,Startups
3,CSR
3,Social/Platform Software
3,Volunteer
3,Civic and Social Organizations
3,Innovation
3,Business/Productivity Software
3,Volunteering
3,Social Impact
3,Technology
3,Sustainability
3,ESG
3,Corporate Social Responsibility
3,Social Enterprise
4,Mining
4,Sustainability
4,Cleantech
4,Environmental Services (B2B)
4,Mining & Metals
4,Manufacturing
4,Mining Technology
4,Precious Metals and Minerals Mining
4,Natural Resources
5,Consumo Masivo
5,Sustentabilidad
5,"Consumer Products, Hardware"
5,Electronics
5,IoT
5,Consumer Electronics
5,Retail
5,Media and Information Services (B2B)
5,Other Hardware
5,Business/Productivity Software
5,Distribution
5,Computer
5,Hardware
5,Manufacturing
5,Sampling
5,Associate
5,Computers and Electronics Manufacturing
6,Director
6,Software
6,Series C+
7,Media and Information Services (B2B)
7,Business/Productivity Software
7,Senior
8,Senior
8,Pre Seed
8,Software
9,Consumo Masivo
9,Sustentabilidad
9,"Consumer Products, Hardware"
9,Electronics
9,IoT
9,Consumer Electronics
9,Retail
9,Media and Information Services (B2B)
9,Other Hardware
9,Business/Productivity Software
9,Distribution
9,Computer
9,Hardware
9,Manufacturing
9,Sampling
9,Associate
9,Computers and Electronics Manufacturing
10,Software
10,Internship
10,Series B
11,Artificial Intelligence
11,Internet Services
11,Internship
11,"Technology, Information and Internet"
11,Artificial Intelligence (AI)
11,Media and Information Services (B2B)
11,Business/Productivity Software
11,Cloud Computing
11,Data & Analytics
11,Science and Engineering
11,Productivity Tools
11,Software
12,Finance
12,Mid-Senior Level
13,Software
13,Series C+
13,Associate
14,Mining
14,Sustainability
14,Mid-Senior Level
14,Cleantech
14,Environmental Services (B2B)
14,Mining & Metals
14,Manufacturing
14,Mining Technology
14,Precious Metals and Minerals Mining
14,Natural Resources
15,Non-Profit
15,Higher Education
15,Fintech
15,Fundraising
15,Platform
15,Mid-Senior Level
15,SaaS
15,Fund Management
15,Software Development
15,Business/Productivity Software
15,Nonprofit
15,Education
15,Social Impact
15,Technology
15,Seed
15,Development
15,Data Visualization
15,Financial Software
15,Software
16,Pre Seed
16,Mid-Senior Level
16,Software
17,Mid-Senior Level
17,Software
17,Series C+
18,Pre Seed
18,Software
18,Associate
19,Senior
19,Software
19,Series C+
20,Pre Seed
20,Software
20,Internship
21,Mining
21,Entry Level
21,Sustainability
21,Cleantech
21,Environmental Services (B2B)
21,Mining & Metals
21,Manufacturing
21,Mining Technology
21,Precious Metals and Minerals Mining
21,Natural Resources
22,Cyber Security
22,Fintech
22,Senior
22,Finance
22,Bitcoin
22,Blockchain
22,Software
22,Cryptocurrency
23,Financial Services
23,Fintech
23,Finance
23,SaaS
23,Software Management
23,Innovation Management
23,Professional Services
23,Other Financial Services
23,Cloud services(SaaS)
23,B2B
23,Business/Productivity Software
23,Enterprise Software
23,Technology
23,FinTech
23,Business And Industrial
23,Financial Software
23,Software
24,Entry Level
24,Software
24,Series B
25,Recruiting
25,Application Software
25,Artificial Intelligence
25,Writing and Editing
25,Consumer Software
25,Human Resources
25,Professional Services
25,Content and Publishing
25,"Technology, Information and Internet"
25,Entry Level
25,Artificial Intelligence (AI)
25,Data & Analytics
25,Administrative Services
25,Employment
25,Science and Engineering
25,Software
25,Information Services (B2C)
26,Art And Entertainment
26,HR and Recruiting
26,Recruiting
26,Career / Job Search
26,Human Resources
26,Analytics
26,Professional Services
26,Data & Analytics
26,Administrative Services
26,Senior
26,Software
26,Human Resources Hr
26,Staffing Agency
27,Mining
27,Sustainability
27,Cleantech
27,Environmental Services (B2B)
27,Mining & Metals
27,Manufacturing
27,Associate
27,Mining Technology
27,Precious Metals and Minerals Mining
27,Natural Resources
28,Director
28,Software
28,Series C+
29,Product Development
29,Engineering
29,Industrial Engineering
29,Media and Information Services (B2B)
29,Human Capital Services
29,Consulting
29,HRTech
29,Freelancing
29,Mechanical Engineering
29,Outsourcing
30,Mining
30,Entry Level
30,Sustainability
30,Cleantech
30,Environmental Services (B2B)
30,Mining & Metals
30,Manufacturing
30,Mining Technology
30,Precious Metals and Minerals Mining
30,Natural Resources
31,Entry Level
31,Software
31,Series B
32,Entry Level
32,Software
32,Series B
33,Entertainment
33,Marketing Automation
33,Artificial Intelligence
33,Big Data
33,Media
33,Internet Services
33,Music and Audio
33,Advertising Platforms
33,Music Streaming
33,Artificial Intelligence (AI)
33,Media and Information Services (B2B)
33,Business/Productivity Software
33,Data & Analytics
33,Music
33,Science and Engineering
33,Seed
33,Software
33,Sales & Marketing
33,Advertising
33,Media & Entertainment
34,Commerce and Shopping
34,Navigation and Mapping
34,Augmented Reality
34,Mid-Senior Level
34,Internet Services
34,Mapping
34,Consumer Software
34,Security
34,Retail
34,Media and Information Services (B2B)
34,Software Development
34,Technology
34,Indoor Navigation
34,Business And Industrial
34,Hardware
34,Shopping
34,Location Based Marketing
34,Retail Technology
34,Indoor Positioning
34,Smart Building
34,Internet of Things
34,Gamification
34,Analytics
34,Business/Productivity Software
34,Real Estate
34,Software
34,IT Services
35,Senior
35,Pre Seed
35,Software
36,Impact
36,Startups
36,CSR
36,Social/Platform Software
36,Volunteer
36,Internship
36,Civic and Social Organizations
36,Innovation
36,Business/Productivity Software
36,Volunteering
36,Social Impact
36,Technology
36,Sustainability
36,ESG
36,Corporate Social Responsibility
36,Social Enterprise
37,Art And Entertainment
37,HR and Recruiting
37,Recruiting
37,Career / Job Search
37,Human Resources
37,Analytics
37,Professional Services
37,Data & Analytics
37,Administrative Services
37,Senior
37,Software
37,Human Resources Hr
37,Staffing Agency
38,Commerce and Shopping
38,Application Software
38,Financial Services
38,Escrow
38,Fintech
38,Platform
38,Finance
38,Mid-Senior Level
38,Payments
38,Other Financial Services
38,Marketplace
38,Technology
38,Financial Software
38,Society
38,Mobile Payments
38,Payment Processing
39,Mining
39,Entry Level
39,Sustainability
39,Cleantech
39,Environmental Services (B2B)
39,Mining & Metals
39,Manufacturing
39,Mining Technology
39,Precious Metals and Minerals Mining
39,Natural Resources
40,Director
40,Software
40,Series C+
41,Mining
41,Entry Level
41,Sustainability
41,Cleantech
41,Environmental Services (B2B)
41,Mining & Metals
41,Manufacturing
41,Mining Technology
41,Precious Metals and Minerals Mining
41,Natural Resources
42,Recruiting
42,Application Software
42,Artificial Intelligence
42,Mid-Senior Level
42,Writing and Editing
42,Consumer Software
42,Human Resources
42,Professional Services
42,Content and Publishing
42,"Technology, Information and Internet"
42,Artificial Intelligence (AI)
42,Data & Analytics
42,Administrative Services
42,Employment
42,Science and Engineering
42,Software
42,Information Services (B2C)
43,Logistics and Supply Chain
43,Robotics
43,Consumer Electronics
43,Health Care
43,Senior
43,Consumer Goods
43,Hardware
43,Software
43,Delivery
43,Supply Chain Management
43,Drones
43,Logistics
43,Pharmaceuticals
44,Art And Entertainment
44,Hardware Peripherals
44,Digital Signage
44,Platform
44,Network Operations
44,AdTech
44,Display Advertising
44,Internship
44,Marketing
44,Cloud services(SaaS)
44,Advertising Services
44,Media and Information Services (B2B)
44,Customer Experience
44,Technology
44,Content
44,Digital Media
44,Marketing and Advertising
44,Hardware
44,Sales & Marketing
44,Advertising
44,Kiosks
44,Media & Entertainment
45,Commerce and Shopping
45,E-learning
45,Entertainment
45,Language Learning
45,Platform
45,E-Commerce
45,Mid-Senior Level
45,Internet Services
45,"Technology, Information and Internet"
45,EdTech
45,Software Development
45,Educational Software
45,Tutoring
45,Language
45,Administrative Services
45,Education
45,Technology
45,Search
45,Search Engine
45,Human Resources Hr
45,Application Software
45,Artificial Intelligence
45,Consumer Services
45,Educational and Training Services (B2C)
45,Ed Tech
45,Human Resources
45,Online Education
45,Marketplace
45,Software
45,Internet
45,Education and Training
46,Outsourcing/Offshoring
46,Director
47,Art And Entertainment
47,HR and Recruiting
47,Recruiting
47,Mid-Senior Level
47,Career / Job Search
47,Human Resources
47,Analytics
47,Professional Services
47,Data & Analytics
47,Administrative Services
47,Software
47,Human Resources Hr
47,Staffing Agency
48,Consumo Masivo
48,Sustentabilidad
48,"Consumer Products, Hardware"
48,Mid-Senior Level
48,Electronics
48,IoT
48,Consumer Electronics
48,Retail
48,Media and Information Services (B2B)
48,Other Hardware
48,Business/Productivity Software
48,Distribution
48,Computer
48,Hardware
48,Manufacturing
48,Sampling
48,Computers and Electronics Manufacturing
49,Finance
49,Seed
49,Mid-Senior Level
50,Mining
50,Entry Level
50,Sustainability
50,Cleantech
50,Environmental Services (B2B)
50,Mining & Metals
50,Manufacturing
50,Mining Technology
50,Precious Metals and Minerals Mining
50,Natural Resources
51,Art And Entertainment
51,HR and Recruiting
51,Recruiting
51,Career / Job Search
51,Human Resources
51,Analytics
51,Professional Services
51,Data & Analytics
51,Administrative Services
51,Senior
51,Software
51,Human Resources Hr
51,Staffing Agency
52,IT System Custom Software Development
52,Insurance Claims
52,Platform
52,Transportation
52,Mid-Senior Level
52,Blockchain
52,Workflow Automation
52,Developer APIs
52,Automotive
52,Risk Management
52,Media and Information Services (B2B)
52,Enterprise Software
52,Insurtech
52,Technology
52,Business And Industrial
52,Business Operations
52,Hardware
52,Validation
52,Financial Services
52,Generative AI
52,Artificial Intelligence
52,AI
52,Mobile App
52,Professional Services
52,Photography
52,Business/Productivity Software
52,Authentication
52,Insurance
52,Video
52,Secure
52,Blockchain and Cryptocurrency
52,API
52,Software
52,Computer Vision
53,Logistics and Supply Chain
53,Internship
53,Robotics
53,Consumer Electronics
53,Health Care
53,Consumer Goods
53,Hardware
53,Software
53,Delivery
53,Supply Chain Management
53,Drones
53,Logistics
53,Pharmaceuticals
54,Logistics and Supply Chain
54,Robotics
54,Consumer Electronics
54,Entry Level
54,Health Care
54,Consumer Goods
54,Hardware
54,Software
54,Delivery
54,Supply Chain Management
54,Drones
54,Logistics
54,Pharmaceuticals
55,Art And Entertainment
55,Recruiting
55,E-Commerce
55,Career / Job Search
55,Internet Services
55,Professional Services
55,"Technology, Information and Internet"
55,B2B
55,Software Development
55,Education
55,Human Capital Services
55,FinTech
55,Software
55,Internet
55,Human Resources Hr
55,Information Services (B2C)
56,Software Development
56,Software
56,Big data
56,Data analytics
56,Associate
56,Machine Learning
56,Series B
57,Entry Level
57,Software Development
57,Software
57,Big data
57,Data analytics
57,Machine Learning
57,Series B
58,Artificial Intelligence
58,Internet Services
58,"Technology, Information and Internet"
58,Artificial Intelligence (AI)
58,Media and Information Services (B2B)
58,Business/Productivity Software
58,Cloud Computing
58,Data & Analytics
58,Science and Engineering
58,Productivity Tools
58,Software
58,Associate
59,Financial Services
59,Fintech
59,Finance
59,Mid-Senior Level
59,SaaS
59,Software Management
59,Innovation Management
59,Professional Services
59,Other Financial Services
59,Cloud services(SaaS)
59,B2B
59,Business/Productivity Software
59,Enterprise Software
59,Technology
59,FinTech
59,Business And Industrial
59,Financial Software
59,Software
60,Social Media
60,Mobile Advertising
60,Internet Services
60,Marketing
60,Content and Publishing
60,Tech
60,Software Development
60,Technology
60,Technology And Computing
60,Advertising
60,Information Services (B2C)
60,Media & Entertainment
60,Application Software
60,Photo Sharing
60,Media
60,Private Social Networking
60,Mobile
60,Mobile App
60,Photography
60,Other Apparel
60,Social Networks
60,Senior
60,Content
60,Software
60,Internet
60,Sales & Marketing
60,Community and Lifestyle
61,Mining
61,Sustainability
61,Mid-Senior Level
61,Cleantech
61,Environmental Services (B2B)
61,Mining & Metals
61,Manufacturing
61,Mining Technology
61,Precious Metals and Minerals Mining
61,Natural Resources
62,Entry Level
62,Artificial Intelligence (AI)
62,Business/Productivity Software
62,Generative AI
62,Health Care
62,Enterprise Systems (Healthcare)
62,Seed
62,Internet Services
62,Software
63,Financial Services
63,Platform
63,Pharmaceutical
63,Analytics
63,Entry Level
63,Software Development
63,Enterprise Software
63,Health Care
63,Enterprise Systems (Healthcare)
63,Technology
63,Pharmacy
63,Seed
63,Electronic Health Record (EHR)
63,Healthcare
63,Medical Records Systems
63,Software
63,HealthTech
63,Health Insurance
64,Entertainment
64,Marketing Automation
64,Artificial Intelligence
64,Big Data
64,Media
64,Internet Services
64,Music and Audio
64,Advertising Platforms
64,Entry Level
64,Music Streaming
64,Artificial Intelligence (AI)
64,Media and Information Services (B2B)
64,Business/Productivity Software
64,Data & Analytics
64,Music
64,Science and Engineering
64,Seed
64,Software
64,Sales & Marketing
64,Advertising
64,Media & Entertainment
65,Commerce and Shopping
65,Mid-Senior Level
65,Fashion
65,Clothing and Apparel
65,Design
65,Accessories
65,Retail Apparel and Fashion
65,Apparel
65,Marketplace
65,Other Apparel
65,Seed
65,Internet Retail
66,Mining
66,Sustainability
66,Mid-Senior Level
66,Cleantech
66,Environmental Services (B2B)
66,Mining & Metals
66,Manufacturing
66,Mining Technology
66,Precious Metals and Minerals Mining
66,Natural Resources
67,Mining
67,Sustainability
67,Cleantech
67,Environmental Services (B2B)
67,Mining & Metals
67,Manufacturing
67,Associate
67,Mining Technology
67,Precious Metals and Minerals Mining
67,Natural Resources
68,Computer & Network Security
68,Senior
68,Security
69,Director
69,Internet Services
70,Claims Investigations
70,Platform
70,Physical Storage
70,Legal Research
70,Mid-Senior Level
70,Payments
70,Social Media Investigations
70,Visual Search
70,Internet Services
70,Insurance Fraud
70,Security
70,Risk Management
70,Marketing
70,Voir Dire
70,"Technology, Information and Internet"
70,Executive Protection
70,Media and Information Services (B2B)
70,Enterprise Software
70,Insurtech
70,Technology
70,Digital Investigations
70,Technology And Computing
70,Search
70,Search Engine
70,Human Resources Hr
70,Network Management Software
70,Financial Services
70,Fintech
70,SaaS
70,Privacy and Security
70,Cybersecurity
70,Analytics
70,Professional Services
70,Situational Awareness
70,Entity Resolution
70,Business/Productivity Software
70,Data & Analytics
70,Storage
70,Insurance
70,Seed
70,Data Visualization
70,Threat Intelligence
70,Software
70,Open Source Intelligence
70,Fraud Detection
71,Mining
71,Entry Level
71,Sustainability
71,Cleantech
71,Environmental Services (B2B)
71,Mining & Metals
71,Manufacturing
71,Mining Technology
71,Precious Metals and Minerals Mining
71,Natural Resources
72,Entry Level
72,Outsourcing/Offshoring
73,Defense & Space
73,Government and Military
73,Internship
74,Entry Level
74,Software
74,Series B
75,Consumer Electronics
75,Space
75,Manufacturing & Industrial
75,Electronic Equipment and Instruments
75,Computer
75,Hardware
75,Software
75,Aviation & Aerospace
75,Manufacturing
75,Electronics (B2C)
75,Drones
76,Business/Productivity Software
76,Software Development Applications
76,Senior
76,Software
77,E-learning
77,Data Certification
77,Data Engineering
77,Platform
77,HuggingFace
77,Digital Education
77,Programming
77,"Education, Software"
77,Data Fluency
77,Machine Learning
77,Entry Level
77,EdTech
77,R
77,Educational Software
77,Excel
77,ChatGPT
77,Education
77,Technology
77,Technology And Computing
77,Data Literacy
77,Oracle
77,Large Language Models
77,Python
77,Google Sheets
77,Generative AI
77,Power BI
77,Artificial Intelligence
77,LangChain
77,AI
77,Big Data
77,Educational and Training Services (B2C)
77,E-Learning Providers
77,Analytics
77,Deep Learning
77,Tech Learning
77,Data & Analytics
77,Data Storytelling
77,Data Visualization
77,OpenAI
77,Data Analytics
77,Fitness and Wellness
78,Logistics and Supply Chain
78,Robotics
78,Consumer Electronics
78,Health Care
78,Senior
78,Consumer Goods
78,Hardware
78,Software
78,Delivery
78,Supply Chain Management
78,Drones
78,Logistics
78,Pharmaceuticals
79,Recruiting
79,Sales Automation
79,Platform
79,Communication & Sales
79,Internet Services
79,Marketing Analytics
79,Marketing
79,Artificial Intelligence (AI)
79,Media and Information Services (B2B)
79,Software Development
79,Enterprise Software
79,Sales
79,Technology
79,Business And Industrial
79,Artificial Intelligence
79,SaaS
79,Director
79,Analytics
79,Professional Services
79,Automation/Workflow Software
79,Business/Productivity Software
79,Data & Analytics
79,Science and Engineering
79,Enterprise
79,Software
79,Sales & Marketing
79,CRM
79,Sales Enablement
80,Mining
80,Sustainability
80,Mid-Senior Level
80,Cleantech
80,Environmental Services (B2B)
80,Mining & Metals
80,Manufacturing
80,Mining Technology
80,Precious Metals and Minerals Mining
80,Natural Resources
81,Mining
81,Entry Level
81,Sustainability
81,Cleantech
81,Environmental Services (B2B)
81,Mining & Metals
81,Manufacturing
81,Mining Technology
81,Precious Metals and Minerals Mining
81,Natural Resources
82,Mining
82,Senior
82,Sustainability
82,Cleantech
82,Environmental Services (B2B)
82,Mining & Metals
82,Manufacturing
82,Mining Technology
82,Precious Metals and Minerals Mining
82,Natural Resources
83,Financial Services
83,Life Insurance
83,Platform
83,Finance
83,Property Insurance
83,Property & Casualty Insurance
83,Home Insurance
83,Commercial Insurance
83,Insurtech
83,Technology
83,Senior
83,Insurance
83,Real Estate
83,Auto Insurance
84,Commerce and Shopping
84,Retail
84,B2B
84,Business/Productivity Software
84,Sales
84,Director
84,Internet Services
84,Sales & Marketing
85,Non-Profit
85,Entry Level
85,Facilities Services
85,Media and Information Services (B2B)
85,Association
85,Administrative Services
85,Communities
85,Education
85,Other Commercial Services
85,Community and Lifestyle
86,Financial Services
86,Fintech
86,Finance
86,Mid-Senior Level
86,SaaS
86,Software Management
86,Innovation Management
86,Professional Services
86,Other Financial Services
86,Cloud services(SaaS)
86,B2B
86,Business/Productivity Software
86,Enterprise Software
86,Technology
86,FinTech
86,Business And Industrial
86,Financial Software
86,Software
87,Art And Entertainment
87,HR and Recruiting
87,Recruiting
87,Data & Analytics
87,Administrative Services
87,Career / Job Search
87,Software
87,Human Resources
87,Human Resources Hr
87,Analytics
87,Professional Services
87,Staffing Agency
88,Director
88,Software
88,Series C+
89,Mining
89,Entry Level
89,Sustainability
89,Cleantech
89,Environmental Services (B2B)
89,Mining & Metals
89,Manufacturing
89,Mining Technology
89,Precious Metals and Minerals Mining
89,Natural Resources
90,Mining
90,Sustainability
90,Cleantech
90,Environmental Services (B2B)
90,Mining & Metals
90,Manufacturing
90,Mining Technology
90,Precious Metals and Minerals Mining
90,Natural Resources
91,Pre Seed
91,Director
91,Software
92,Entertainment
92,Marketing Automation
92,Artificial Intelligence
92,Big Data
92,Media
92,Internet Services
92,Music and Audio
92,Advertising Platforms
92,Music Streaming
92,Artificial Intelligence (AI)
92,Media and Information Services (B2B)
92,Business/Productivity Software
92,Data & Analytics
92,Music
92,Science and Engineering
92,Seed
92,Software
92,Sales & Marketing
92,Advertising
92,Media & Entertainment
93,Cyber Security
93,Fintech
93,Senior
93,Finance
93,Bitcoin
93,Blockchain
93,Software
93,Cryptocurrency
94,Impact
94,Startups
94,CSR
94,Social/Platform Software
94,Volunteer
94,Civic and Social Organizations
94,Innovation
94,Business/Productivity Software
94,Volunteering
94,Social Impact
94,Technology
94,Sustainability
94,ESG
94,Corporate Social Responsibility
94,Social Enterprise
95,Mid-Senior Level
95,Consumer Services
95,Series B
96,Director
96,"Education, Software"
96,Series C+
97,Mining
97,Sustainability
97,Mid-Senior Level
97,Cleantech
97,Environmental Services (B2B)
97,Mining & Metals
97,Manufacturing
97,Mining Technology
97,Precious Metals and Minerals Mining
97,Natural Resources
98,Defense & Space
98,Government and Military
98,Internship
99,Consumo Masivo
99,Sustentabilidad
99,"Consumer Products, Hardware"
99,Mid-Senior Level
99,Electronics
99,IoT
99,Consumer Electronics
99,Retail
99,Media and Information Services (B2B)
99,Other Hardware
99,Business/Productivity Software
99,Distribution
99,Computer
99,Hardware
99,Manufacturing
99,Sampling
99,Computers and Electronics Manufacturing
100,Business/Productivity Software
100,Software Development Applications
100,Senior
100,Software
101,Commerce and Shopping
101,BPO/Outsource Services
101,Part Time Sales
101,Internet Services
101,Sales Talent
101,"Technology, Information and Internet"
101,Entry Level
101,Marketplace
101,Media and Information Services (B2B)
101,Sales
101,Human Capital Services
101,Consulting
101,Founder Sales
101,Internet
101,Fractional Sales
102,Mining
102,Sustainability
102,Cleantech
102,Environmental Services (B2B)
102,Mining & Metals
102,Manufacturing
102,Mining Technology
102,Precious Metals and Minerals Mining
102,Natural Resources
103,Art And Entertainment
103,HR and Recruiting
103,Recruiting
103,Data & Analytics
103,Administrative Services
103,Career / Job Search
103,Software
103,Human Resources
103,Human Resources Hr
103,Analytics
103,Professional Services
103,Staffing Agency
104,Art And Entertainment
104,Hardware Peripherals
104,Digital Signage
104,Platform
104,Network Operations
104,AdTech
104,Display Advertising
104,Internship
104,Marketing
104,Cloud services(SaaS)
104,Advertising Services
104,Media and Information Services (B2B)
104,Customer Experience
104,Technology
104,Content
104,Digital Media
104,Marketing and Advertising
104,Hardware
104,Sales & Marketing
104,Advertising
104,Kiosks
104,Media & Entertainment
105,Finance
105,Seed
105,Associate
106,Mining
106,Sustainability
106,Cleantech
106,Environmental Services (B2B)
106,Mining & Metals
106,Manufacturing
106,Associate
106,Mining Technology
106,Precious Metals and Minerals Mining
106,Natural Resources
107,Entry Level
107,Software
108,Logistics and Supply Chain
108,Mid-Senior Level
108,Robotics
108,Consumer Electronics
108,Health Care
108,Consumer Goods
108,Hardware
108,Software
108,Delivery
108,Supply Chain Management
108,Drones
108,Logistics
108,Pharmaceuticals
109,Artificial Intelligence (AI)
109,Data & Analytics
109,Senior
109,Science and Engineering
109,Transportation
109,Software
109,Supply Chain Management
110,Outsourcing/Offshoring
110,Director
111,Entertainment
111,Marketing Automation
111,Artificial Intelligence
111,Mid-Senior Level
111,Big Data
111,Media
111,Internet Services
111,Music and Audio
111,Advertising Platforms
111,Music Streaming
111,Artificial Intelligence (AI)
111,Media and Information Services (B2B)
111,Business/Productivity Software
111,Data & Analytics
111,Music
111,Science and Engineering
111,Seed
111,Software
111,Sales & Marketing
111,Advertising
111,Media & Entertainment
112,Mining
112,Sustainability
112,Cleantech
112,Environmental Services (B2B)
112,Mining & Metals
112,Manufacturing
112,Mining Technology
112,Precious Metals and Minerals Mining
112,Natural Resources
113,Pre Seed
113,Software
113,Internship
114,Mining
114,Sustainability
114,Cleantech
114,Environmental Services (B2B)
114,Mining & Metals
114,Manufacturing
114,Mining Technology
114,Precious Metals and Minerals Mining
114,Natural Resources
115,Consumer Electronics
115,Space
115,Manufacturing & Industrial
115,Electronic Equipment and Instruments
115,Computer
115,Hardware
115,Software
115,Aviation & Aerospace
115,Manufacturing
115,Electronics (B2C)
115,Drones
116,Director
116,Consumer Products
117,Art And Entertainment
117,Recruiting
117,E-Commerce
117,Career / Job Search
117,Internet Services
117,Professional Services
117,"Technology, Information and Internet"
117,B2B
117,Software Development
117,Education
117,Human Capital Services
117,FinTech
117,Software
117,Internet
117,Human Resources Hr
117,Information Services (B2C)
118,Individual & Family Services
118,Clinics/Outpatient Services
118,Platform
118,Mid-Senior Level
118,Autism Spectrum Disorder
118,Applied Behavior Analysis
118,Mobile App
118,Autism
118,Individual and Family Services
118,Consumer
118,Technology
118,Technology And Computing
118,Family
118,Software
118,Other Healthcare Technology Systems
118,HealthTech
118,Community and Lifestyle
119,Software
119,Internship
119,Series B
120,Software Development
120,Director
120,Software
120,Big data
120,Data analytics
120,Machine Learning
120,Series B
121,Health
121,Senior
121,Series C+
121,Hospital & Health Care
122,Art And Entertainment
122,Recruiting
122,E-Commerce
122,Career / Job Search
122,Internet Services
122,Professional Services
122,"Technology, Information and Internet"
122,B2B
122,Software Development
122,Education
122,Human Capital Services
122,FinTech
122,Software
122,Internet
122,Human Resources Hr
122,Information Services (B2C)
123,Cyber Security
123,Fintech
123,Senior
123,Finance
123,Bitcoin
123,Blockchain
123,Software
123,Cryptocurrency
124,Business/Productivity Software
124,Software Development Applications
124,Senior
124,Software
125,Alternative Protein
125,Seed
125,Food & Beverage
125,Associate
125,Food and Beverage Services
125,Food Products
125,Plant Based
125,Food
126,Mid-Senior Level
126,Consumer Services
126,Series B
127,Logistics and Supply Chain
127,Mid-Senior Level
127,Robotics
127,Consumer Electronics
127,Health Care
127,Consumer Goods
127,Hardware
127,Software
127,Delivery
127,Supply Chain Management
127,Drones
127,Logistics
127,Pharmaceuticals
128,Software Development
128,Director
128,Software
128,Big data
128,Data analytics
128,Machine Learning
128,Series B
129,Senior
129,Software
129,Series C+
130,Mining
130,Sustainability
130,Cleantech
130,Environmental Services (B2B)
130,Mining & Metals
130,Director
130,Manufacturing
130,Mining Technology
130,Precious Metals and Minerals Mining
130,Natural Resources
131,Art And Entertainment
131,HR and Recruiting
131,Recruiting
131,Mid-Senior Level
131,Career / Job Search
131,Human Resources
131,Analytics
131,Professional Services
131,Data & Analytics
131,Administrative Services
131,Software
131,Human Resources Hr
131,Staffing Agency
132,Internal Audit
132,Process Automation
132,Cyber Security
132,Compliance
132,Platform
132,Operational Risk Management
132,AI Governance
132,Risk
132,Workflow Automation
132,Risk Management
132,Software Development
132,Enterprise Software
132,Technology
132,Third Party Risk Management
132,Business And Industrial
132,ESG
132,Regulatory Compliance
132,Enterprise Risk Management
132,Network Management Software
132,Automation
132,Cyber Risk Management
132,SaaS
132,Privacy and Security
132,Cybersecurity
132,Governance
132,Policy Management
132,Professional Services
132,Audit
132,Business/Productivity Software
132,Cloud
132,Software
132,Incident Management
132,Data Privacy
133,Consumo Masivo
133,Sustentabilidad
133,"Consumer Products, Hardware"
133,Mid-Senior Level
133,Electronics
133,IoT
133,Consumer Electronics
133,Retail
133,Media and Information Services (B2B)
133,Other Hardware
133,Business/Productivity Software
133,Distribution
133,Computer
133,Hardware
133,Manufacturing
133,Sampling
133,Computers and Electronics Manufacturing
134,Internal Audit
134,Process Automation
134,Cyber Security
134,Compliance
134,Platform
134,Operational Risk Management
134,AI Governance
134,Risk
134,Workflow Automation
134,Risk Management
134,Software Development
134,Enterprise Software
134,Technology
134,Third Party Risk Management
134,Business And Industrial
134,ESG
134,Regulatory Compliance
134,Enterprise Risk Management
134,Network Management Software
134,Automation
134,Cyber Risk Management
134,SaaS
134,Privacy and Security
134,Cybersecurity
134,Governance
134,Policy Management
134,Professional Services
134,Audit
134,Business/Productivity Software
134,Senior
134,Cloud
134,Software
134,Incident Management
134,Data Privacy
135,E-learning
135,Data Certification
135,Data Engineering
135,Platform
135,HuggingFace
135,Digital Education
135,Programming
135,"Education, Software"
135,Data Fluency
135,Machine Learning
135,Entry Level
135,EdTech
135,R
135,Educational Software
135,Excel
135,ChatGPT
135,Education
135,Technology
135,Technology And Computing
135,Data Literacy
135,Oracle
135,Large Language Models
135,Python
135,Google Sheets
135,Generative AI
135,Power BI
135,Artificial Intelligence
135,LangChain
135,AI
135,Big Data
135,Educational and Training Services (B2C)
135,E-Learning Providers
135,Analytics
135,Deep Learning
135,Tech Learning
135,Data & Analytics
135,Data Storytelling
135,Data Visualization
135,OpenAI
135,Data Analytics
135,Fitness and Wellness
136,Mining
136,Sustainability
136,Mid-Senior Level
136,Cleantech
136,Environmental Services (B2B)
136,Mining & Metals
136,Manufacturing
136,Mining Technology
136,Precious Metals and Minerals Mining
136,Natural Resources
137,Outsourcing/Offshoring
137,Mid-Senior Level
138,Mid-Senior Level
138,"Education, Software"
138,Series C+
139,Logistics and Supply Chain
139,Mid-Senior Level
139,Robotics
139,Consumer Electronics
139,Health Care
139,Consumer Goods
139,Hardware
139,Software
139,Delivery
139,Supply Chain Management
139,Drones
139,Logistics
139,Pharmaceuticals
140,Outsourcing/Offshoring
140,Mid-Senior Level
141,Finance
141,Seed
142,Consumo Masivo
142,Sustentabilidad
142,"Consumer Products, Hardware"
142,Electronics
142,IoT
142,Consumer Electronics
142,Retail
142,Media and Information Services (B2B)
142,Other Hardware
142,Business/Productivity Software
142,Distribution
142,Computer
142,Hardware
142,Manufacturing
142,Sampling
142,Associate
142,Computers and Electronics Manufacturing
143,Logistics and Supply Chain
143,Robotics
143,Consumer Electronics
143,Health Care
143,Senior
143,Consumer Goods
143,Hardware
143,Software
143,Delivery
143,Supply Chain Management
143,Drones
143,Logistics
143,Pharmaceuticals
144,E-learning
144,Data Certification
144,Data Engineering
144,Platform
144,HuggingFace
144,Digital Education
144,Programming
144,"Education, Software"
144,Data Fluency
144,Machine Learning
144,EdTech
144,R
144,Educational Software
144,Excel
144,ChatGPT
144,Education
144,Technology
144,Technology And Computing
144,Data Literacy
144,Oracle
144,Large Language Models
144,Python
144,Google Sheets
144,Generative AI
144,Power BI
144,Artificial Intelligence
144,LangChain
144,AI
144,Big Data
144,Educational and Training Services (B2C)
144,E-Learning Providers
144,Analytics
144,Deep Learning
144,Tech Learning
144,Data & Analytics
144,Senior
144,Data Storytelling
144,Data Visualization
144,OpenAI
144,Data Analytics
144,Fitness and Wellness
145,Art And Entertainment
145,Recruiting
145,E-Commerce
145,Career / Job Search
145,Internet Services
145,Professional Services
145,"Technology, Information and Internet"
145,B2B
145,Software Development
145,Education
145,Human Capital Services
145,FinTech
145,Software
145,Internet
145,Human Resources Hr
145,Information Services (B2C)
146,Entry Level
146,Software
146,Series B
147,Software Development
147,Software
147,Big data
147,Data analytics
147,Associate
147,Machine Learning
147,Series B
148,IT System Custom Software Development
148,Insurance Claims
148,Platform
148,Transportation
148,Blockchain
148,Workflow Automation
148,Developer APIs
148,Automotive
148,Risk Management
148,Entry Level
148,Media and Information Services (B2B)
148,Enterprise Software
148,Insurtech
148,Technology
148,Business And Industrial
148,Business Operations
148,Hardware
148,Validation
148,Financial Services
148,Generative AI
148,Artificial Intelligence
148,AI
148,Mobile App
148,Professional Services
148,Photography
148,Business/Productivity Software
148,Authentication
148,Insurance
148,Video
148,Secure
148,Blockchain and Cryptocurrency
148,API
148,Software
148,Computer Vision
149,Mid-Senior Level
149,"Education, Software"
149,Series C+
150,"Technology, Information and Internet"
150,Business/Productivity Software
150,Platform
150,Administrative Services
150,Technology
150,Other Commercial Services
150,Mid-Senior Level
150,HRTech
150,Internet Services
150,Internet
150,Human Resources
151,Mining
151,Sustainability
151,Mid-Senior Level
151,Cleantech
151,Environmental Services (B2B)
151,Mining & Metals
151,Manufacturing
151,Mining Technology
151,Precious Metals and Minerals Mining
151,Natural Resources
152,Artificial Intelligence (AI)
152,Business/Productivity Software
152,Generative AI
152,Health Care
152,Enterprise Systems (Healthcare)
152,Senior
152,Seed
152,Internet Services
152,Software
153,"Technology, Information and Internet"
153,Business/Productivity Software
153,Platform
153,Administrative Services
153,Technology
153,Other Commercial Services
153,Mid-Senior Level
153,HRTech
153,Internet Services
153,Internet
153,Human Resources
154,Senior
154,Consumer Services
154,Series B
155,Artificial Intelligence
155,Internet Services
155,Internship
155,"Technology, Information and Internet"
155,Artificial Intelligence (AI)
155,Media and Information Services (B2B)
155,Business/Productivity Software
155,Cloud Computing
155,Data & Analytics
155,Science and Engineering
155,Productivity Tools
155,Software
156,Consumo Masivo
156,Sustentabilidad
156,"Consumer Products, Hardware"
156,Electronics
156,IoT
156,Consumer Electronics
156,Retail
156,Media and Information Services (B2B)
156,Other Hardware
156,Business/Productivity Software
156,Distribution
156,Computer
156,Hardware
156,Manufacturing
156,Sampling
156,Associate
156,Computers and Electronics Manufacturing
157,Mining
157,Entry Level
157,Sustainability
157,Cleantech
157,Environmental Services (B2B)
157,Mining & Metals
157,Manufacturing
157,Mining Technology
157,Precious Metals and Minerals Mining
157,Natural Resources
158,Consumer Services
158,Vice President
158,Series B
160,Pre Seed
160,Software
160,Internship
161,Consumer Services
161,Director
161,Series B
162,Entry Level
162,Software
162,Series B
163,Art And Entertainment
163,Hardware Peripherals
163,Digital Signage
163,Platform
163,Network Operations
163,AdTech
163,Display Advertising
163,Internship
163,Marketing
163,Cloud services(SaaS)
163,Advertising Services
163,Media and Information Services (B2B)
163,Customer Experience
163,Technology
163,Content
163,Digital Media
163,Marketing and Advertising
163,Hardware
163,Sales & Marketing
163,Advertising
163,Kiosks
163,Media & Entertainment
164,HR and Recruiting
164,Railroad
164,Artificial Intelligence
164,Transportation
164,Mid-Senior Level
164,Analytics
164,Automotive
164,Media and Information Services (B2B)
164,Business/Productivity Software
164,Data & Analytics
164,Fleet Management
164,Science and Engineering
164,Software
165,Entry Level
165,Business/Productivity Software
165,Software Development Applications
165,Software
166,Mining
166,Sustainability
166,Mid-Senior Level
166,Cleantech
166,Environmental Services (B2B)
166,Mining & Metals
166,Manufacturing
166,Mining Technology
166,Precious Metals and Minerals Mining
166,Natural Resources
167,Communities
167,Test & Measurement
167,Mid-Senior Level
167,Internet Services
167,Social Media Marketing
167,Analytics
167,Marketing
167,Data & Analytics
167,Seed
167,Software
167,Sales & Marketing
167,Gaming
167,Community and Lifestyle
167,CRM
168,Consumo Masivo
168,Sustentabilidad
168,"Consumer Products, Hardware"
168,Mid-Senior Level
168,Electronics
168,IoT
168,Consumer Electronics
168,Retail
168,Media and Information Services (B2B)
168,Other Hardware
168,Business/Productivity Software
168,Distribution
168,Computer
168,Hardware
168,Manufacturing
168,Sampling
168,Computers and Electronics Manufacturing
169,Mining
169,Sustainability
169,Mid-Senior Level
169,Cleantech
169,Environmental Services (B2B)
169,Mining & Metals
169,Manufacturing
169,Mining Technology
169,Precious Metals and Minerals Mining
169,Natural Resources
170,Financial Services
170,Fintech
170,Finance
170,SaaS
170,Software Management
170,Innovation Management
170,Professional Services
170,Other Financial Services
170,Cloud services(SaaS)
170,B2B
170,Business/Productivity Software
170,Enterprise Software
170,Technology
170,FinTech
170,Business And Industrial
170,Financial Software
170,Software
171,Non-Profit
171,Higher Education
171,Fintech
171,Fundraising
171,Platform
171,SaaS
171,Entry Level
171,Fund Management
171,Software Development
171,Business/Productivity Software
171,Nonprofit
171,Education
171,Social Impact
171,Technology
171,Seed
171,Development
171,Data Visualization
171,Financial Software
171,Software
172,Software
172,Internship
172,Series B
173,Art And Entertainment
173,Recruiting
173,E-Commerce
173,Career / Job Search
173,Internet Services
173,Professional Services
173,"Technology, Information and Internet"
173,B2B
173,Software Development
173,Education
173,Human Capital Services
173,FinTech
173,Software
173,Internet
173,Human Resources Hr
173,Information Services (B2C)
174,Mining
174,Sustainability
174,Mid-Senior Level
174,Cleantech
174,Environmental Services (B2B)
174,Mining & Metals
174,Manufacturing
174,Mining Technology
174,Precious Metals and Minerals Mining
174,Natural Resources
175,Defense & Space
175,Government and Military
175,Internship
176,Software
176,Series B
177,Art And Entertainment
177,Recruiting
177,E-Commerce
177,Career / Job Search
177,Internet Services
177,Professional Services
177,"Technology, Information and Internet"
177,B2B
177,Software Development
177,Education
177,Human Capital Services
177,FinTech
177,Software
177,Internet
177,Human Resources Hr
177,Information Services (B2C)
178,"Technology, Information and Internet"
178,Entry Level
178,Business/Productivity Software
178,Platform
178,Administrative Services
178,Technology
178,Other Commercial Services
178,HRTech
178,Internet Services
178,Internet
178,Human Resources
179,Commerce and Shopping
179,Car Insurance
179,Financial Services
179,Automotive Insurance
179,Fintech
179,Platform
179,Finance
179,Mid-Senior Level
179,Data Driven
179,Internet Services
179,Sharing Economy
179,Micromobility
179,Marketplace
179,Business/Productivity Software
179,Insurtech
179,Technology
179,Insurance
179,Business And Industrial
179,Internet
179,Shared Mobility
180,Alternative Protein
180,Seed
180,Food & Beverage
180,Internship
180,Food and Beverage Services
180,Food Products
180,Plant Based
180,Food
181,Art And Entertainment
181,Recruiting
181,E-Commerce
181,Career / Job Search
181,Internet Services
181,Professional Services
181,"Technology, Information and Internet"
181,B2B
181,Software Development
181,Education
181,Human Capital Services
181,FinTech
181,Software
181,Internet
181,Human Resources Hr
181,Information Services (B2C)
182,Pre Seed
182,Mid-Senior Level
183,Consumer Products
183,Associate
184,Financial Services
184,Fintech
184,FP&A
184,Fundraising
184,Financial Projections
184,Finance
184,Forecasting
184,Entry Level
184,Fractional CFO
184,Financial Software
184,Software
184,Budgeting
184,CFO Services
185,Commerce and Shopping
185,E-learning
185,Entertainment
185,Language Learning
185,Platform
185,E-Commerce
185,Internet Services
185,"Technology, Information and Internet"
185,EdTech
185,Software Development
185,Educational Software
185,Tutoring
185,Language
185,Administrative Services
185,Education
185,Technology
185,Search
185,Search Engine
185,Human Resources Hr
185,Application Software
185,Artificial Intelligence
185,Consumer Services
185,Educational and Training Services (B2C)
185,Ed Tech
185,Human Resources
185,Online Education
185,Marketplace
185,Senior
185,Software
185,Internet
185,Education and Training
186,Logistics and Supply Chain
186,Mid-Senior Level
186,Robotics
186,Consumer Electronics
186,Health Care
186,Consumer Goods
186,Hardware
186,Software
186,Delivery
186,Supply Chain Management
186,Drones
186,Logistics
186,Pharmaceuticals
187,Social
187,Health Care
187,Social Assistance
187,Health
187,Mid-Senior Level
187,Hospital & Health Care
188,HR and Recruiting
188,Railroad
188,Artificial Intelligence
188,Transportation
188,Mid-Senior Level
188,Analytics
188,Automotive
188,Media and Information Services (B2B)
188,Business/Productivity Software
188,Data & Analytics
188,Fleet Management
188,Science and Engineering
188,Software
189,Outsourcing/Offshoring
190,Commerce and Shopping
190,E-learning
190,Entertainment
190,Language Learning
190,Platform
190,E-Commerce
190,Internet Services
190,"Technology, Information and Internet"
190,EdTech
190,Software Development
190,Educational Software
190,Tutoring
190,Language
190,Administrative Services
190,Education
190,Technology
190,Search
190,Search Engine
190,Human Resources Hr
190,Application Software
190,Artificial Intelligence
190,Consumer Services
190,Educational and Training Services (B2C)
190,Ed Tech
190,Human Resources
190,Online Education
190,Marketplace
190,Senior
190,Software
190,Internet
190,Education and Training
191,Software
191,Series B
192,Entertainment
192,Marketing Automation
192,Artificial Intelligence
192,Big Data
192,Media
192,Internet Services
192,Music and Audio
192,Advertising Platforms
192,Music Streaming
192,Artificial Intelligence (AI)
192,Media and Information Services (B2B)
192,Business/Productivity Software
192,Data & Analytics
192,Music
192,Science and Engineering
192,Seed
192,Software
192,Sales & Marketing
192,Advertising
192,Media & Entertainment
193,Recruiting
193,Sales Automation
193,Platform
193,Communication & Sales
193,Mid-Senior Level
193,Internet Services
193,Marketing Analytics
193,Marketing
193,Artificial Intelligence (AI)
193,Media and Information Services (B2B)
193,Software Development
193,Enterprise Software
193,Sales
193,Technology
193,Business And Industrial
193,Artificial Intelligence
193,SaaS
193,Analytics
193,Professional Services
193,Automation/Workflow Software
193,Business/Productivity Software
193,Data & Analytics
193,Science and Engineering
193,Enterprise
193,Software
193,Sales & Marketing
193,CRM
193,Sales Enablement
194,Construction
194,Real Estate Management
194,Wind Power
194,Architecture
194,Project & Construction Management
194,Construction Management
194,Project Management
194,Administrative Services
194,Real Estate
194,Cleantech
194,Property Management
194,Real Estate & Construction
195,Pre Seed
195,CXO
196,Mid-Senior Level
196,Software
196,Series C+
197,Medical Device
197,Health
197,Mid-Senior Level
197,Therapeutic Devices
197,Medical Devices
197,Robotics
197,Disability
197,Medical Equipment Manufacturing
197,Health Care
197,Science and Engineering
197,Business And Industrial
197,Hardware
197,Software
197,Manufacturing
197,Rehabilitation
198,Art And Entertainment
198,Hardware Peripherals
198,Digital Signage
198,Platform
198,Network Operations
198,AdTech
198,Display Advertising
198,Internship
198,Marketing
198,Cloud services(SaaS)
198,Advertising Services
198,Media and Information Services (B2B)
198,Customer Experience
198,Technology
198,Content
198,Digital Media
198,Marketing and Advertising
198,Hardware
198,Sales & Marketing
198,Advertising
198,Kiosks
198,Media & Entertainment
199,Logistics and Supply Chain
199,Robotics
199,Consumer Electronics
199,Health Care
199,Senior
199,Consumer Goods
199,Hardware
199,Software
199,Delivery
199,Supply Chain Management
199,Drones
199,Logistics
199,Pharmaceuticals
